{
  "project_info": {
    "project_number": "197540931379",
    "firebase_url": "https://covid19app-70ec6-default-rtdb.firebaseio.com",
    "project_id": "covid19app-70ec6",
    "storage_bucket": "covid19app-70ec6.appspot.com"
  },
  "client": [
    {
      "client_info": {
        "mobilesdk_app_id": "1:197540931379:android:65ffc05fb7bb0f7fed8046",
        "android_client_info": {
          "package_name": "com.example.testtt"
        }
      },
      "oauth_client": [
        {
          "client_id": "197540931379-k6n1ualgp9ooah6g9fvo2d4gi319irpf.apps.googleusercontent.com",
          "client_type": 3
        }
      ],
      "api_key": [
        {
          "current_key": "AIzaSyDX40FLVx3BjRH8NJuAwPX0IynAeBr_WsY"
        }
      ],
      "services": {
        "appinvite_service": {
          "other_platform_oauth_client": [
            {
              "client_id": "197540931379-k6n1ualgp9ooah6g9fvo2d4gi319irpf.apps.googleusercontent.com",
              "client_type": 3
            }
          ]
        }
      }
    },
    {
      "client_info": {
        "mobilesdk_app_id": "1:197540931379:android:fb5a034023d057b8ed8046",
        "android_client_info": {
          "package_name": "covid.app8"
        }
      },
      "oauth_client": [
        {
          "client_id": "197540931379-k6n1ualgp9ooah6g9fvo2d4gi319irpf.apps.googleusercontent.com",
          "client_type": 3
        }
      ],
      "api_key": [
        {
          "current_key": "AIzaSyDX40FLVx3BjRH8NJuAwPX0IynAeBr_WsY"
        }
      ],
      "services": {
        "appinvite_service": {
          "other_platform_oauth_client": [
            {
              "client_id": "197540931379-k6n1ualgp9ooah6g9fvo2d4gi319irpf.apps.googleusercontent.com",
              "client_type": 3
            }
          ]
        }
      }
    }
  ],
  "configuration_version": "1"
}