{
  "project_info": {
    "project_number": "1336964634",
    "project_id": "covid111-969b8",
    "storage_bucket": "covid111-969b8.appspot.com"
  },
  "client": [
    {
      "client_info": {
        "mobilesdk_app_id": "1:1336964634:android:b19b44e43eeec3d322c3a3",
        "android_client_info": {
          "package_name": "com.google.covid111"
        }
      },
      "oauth_client": [
        {
          "client_id": "1336964634-forgk25t2cs3etobs5hcuftls4bvpp34.apps.googleusercontent.com",
          "client_type": 3
        }
      ],
      "api_key": [
        {
          "current_key": "AIzaSyCd3Tn0qkO-PNqCfJXatjQTynE49MRXY8A"
        }
      ],
      "services": {
        "appinvite_service": {
          "other_platform_oauth_client": [
            {
              "client_id": "1336964634-forgk25t2cs3etobs5hcuftls4bvpp34.apps.googleusercontent.com",
              "client_type": 3
            }
          ]
        }
      }
    }
  ],
  "configuration_version": "1"
}